City_ID,City,Lat,Lng,Max Temp,Humidity,Cloudiness,Wind Speed,Country,Date
0,kodiak,57.79,-152.4072,5.73,81,100,7.2,US,1701560324
1,alice springs,-23.7,133.8833,29.75,26,2,7.72,AU,1701560325
2,antofagasta,-23.65,-70.4,18.6,80,22,3.56,CL,1701559864
3,waitangi,-43.9535,-176.5597,16.01,81,100,4.47,NZ,1701560325
4,tiksi,71.6872,128.8694,-28.15,99,100,2.98,RU,1701560326
5,fale old settlement,-9.3852,-171.2468,27.74,72,100,2.68,TK,1701560326
6,bayou cane,29.6241,-90.7512,23.33,94,100,2.51,US,1701560327
7,yellowknife,62.456,-114.3525,-18.71,84,75,4.12,CA,1701560327
8,swan hill,-35.3378,143.5544,21.04,44,0,3.84,AU,1701560327
9,albany,42.6001,-73.9662,7.43,92,98,0.48,US,1701560227
10,bethel,41.3712,-73.414,10.08,88,0,0.0,US,1701560132
11,grytviken,-54.2811,-36.5092,3.27,74,86,3.45,GS,1701560328
12,stanley,54.868,-1.6985,-1.27,94,76,0.54,GB,1701560329
13,port mathurin,-19.6833,63.4167,25.81,80,100,6.87,MU,1701560329
14,adamstown,-25.066,-130.1015,22.65,82,11,5.59,PN,1701560095
15,olonkinbyen,70.9221,-8.7187,0.07,96,93,10.04,SJ,1701560107
16,ushuaia,-54.8,-68.3,5.81,70,75,9.26,AR,1701560330
17,constantia,44.1833,28.65,11.38,78,94,4.8,RO,1701560154
18,caleta de carquin,-11.0925,-77.6267,20.39,85,89,4.93,PE,1701560331
19,port-aux-francais,-49.35,70.2167,4.56,95,57,13.42,TF,1701560331
20,tazovsky,67.4667,78.7,-27.44,94,6,5.06,RU,1701560332
21,blackmans bay,-43.0167,147.3167,15.07,84,100,0.45,AU,1701560097
22,edinburgh of the seven seas,-37.0676,-12.3116,13.89,78,100,2.84,SH,1701560121
23,lahij,13.1667,44.5833,21.28,83,87,1.45,YE,1701560333
24,kouango,4.9934,19.9619,21.99,90,100,1.39,CF,1701560333
25,seka,17.9285,103.9552,20.23,82,100,2.73,TH,1701560334
26,lycksele,64.5954,18.6735,-21.07,84,100,0.51,SE,1701560138
27,hanting,36.7708,119.2108,0.44,45,0,1.74,CN,1701560335
28,jamestown,42.097,-79.2353,7.8,99,100,1.54,US,1701560180
29,astorga,-23.2325,-51.6656,25.13,68,41,2.96,BR,1701560336
30,villanueva de cordoba,38.3228,-4.6287,2.71,89,0,0.71,ES,1701560337
31,cranbrook,49.4999,-115.7688,-3.09,86,75,1.03,CA,1701560337
32,veinticinco de mayo,-35.4323,-60.1727,22.21,51,67,3.13,AR,1701560337
33,west island,-12.1568,96.8225,24.99,78,98,3.6,CC,1701560338
34,petropavlovsk-kamchatsky,53.0452,158.6483,-8.08,81,40,7.6,RU,1701560338
35,ta`u,-14.2336,-169.5144,26.74,81,100,4.61,AS,1701560339
36,prince rupert,54.3161,-130.3201,6.83,91,100,8.23,CA,1701560339
37,huarmey,-10.0681,-78.1522,19.58,90,61,6.37,PE,1701560339
38,grantsville,40.5999,-112.4644,5.32,56,100,7.6,US,1701560340
39,tomatlan,19.9333,-105.25,25.6,65,100,1.16,MX,1701560340
40,nurota,40.5614,65.6886,9.08,57,0,1.67,UZ,1701560341
41,charters towers,-20.1,146.2667,28.87,61,45,2.32,AU,1701560341
42,yerofey pavlovich,53.9667,121.9667,-19.57,97,90,1.01,RU,1701560342
43,brisas de zicatela,15.8369,-97.0419,31.29,48,40,3.09,MX,1701560343
44,mount pearl,47.5166,-52.7813,2.69,95,75,1.54,CA,1701560343
45,ust-nera,64.5667,143.2,-35.61,100,100,1.88,RU,1701560344
46,mambajao,9.2504,124.7156,27.22,84,68,5.61,PH,1701560344
47,kingston,17.997,-76.7936,28.53,74,20,7.2,JM,1701560345
48,rongelap,11.1635,166.8941,27.72,74,88,8.12,MH,1701560345
49,manado,1.487,124.8455,28.43,83,20,1.54,ID,1701560346
50,zahedan,29.4963,60.8629,6.95,81,0,3.09,IR,1701560346
51,invercargill,-46.4,168.35,14.46,44,63,5.31,NZ,1701560347
52,gisborne,-38.6533,178.0042,21.35,60,100,3.39,NZ,1701560347
53,hamilton,39.1834,-84.5333,10.69,83,75,3.09,US,1701560234
54,malvan,16.0667,73.4667,24.98,65,11,2.36,IN,1701560348
55,nkhata bay,-11.6066,34.2907,21.67,85,16,1.59,MW,1701560349
56,happy valley-goose bay,53.3168,-60.3315,-12.83,78,40,3.09,CA,1701560349
57,tura,25.5198,90.2201,15.08,89,54,2.39,IN,1701560350
58,lebu,-37.6167,-73.65,11.01,62,0,9.48,CL,1701560350
59,berastagi,3.1929,98.5092,16.15,96,100,1.26,ID,1701560351
60,jayapura,-2.5333,140.7,28.66,63,95,0.21,ID,1701560351
61,papatowai,-46.5619,169.4708,13.22,56,76,7.64,NZ,1701560352
62,thompson,55.7435,-97.8558,-9.91,92,75,1.54,CA,1701559779
63,myingyan,21.4667,95.3833,20.63,79,100,2.25,MM,1701560353
64,qarqaraly,49.4058,75.4742,1.76,59,100,11.22,KZ,1701560353
65,cold lake,54.4502,-110.2017,-8.03,93,100,1.54,CA,1701560354
66,leua,48.2156,18.6071,0.83,75,70,7.85,SK,1701560354
67,podolsk,55.4242,37.5547,-4.79,86,75,2.0,RU,1701560355
68,kingsville,27.5159,-97.8561,22.98,67,0,2.68,US,1701560164
69,puerto ayora,-0.7393,-90.3518,24.42,82,91,4.88,EC,1701560110
70,horqueta,-23.3428,-57.0597,28.59,58,68,3.48,PY,1701560356
71,bilibino,68.0546,166.4372,-26.1,97,58,1.09,RU,1701560357
72,luderitz,-26.6481,15.1594,18.22,67,39,6.65,NA,1701560357
73,susuman,62.7833,148.1667,-35.88,100,98,0.58,RU,1701560204
74,quellon,-43.1167,-73.6167,8.61,74,51,3.83,CL,1701560358
75,newport,51.5877,-2.9984,5.25,95,97,7.01,GB,1701560086
76,wailua homesteads,22.0669,-159.378,27.14,76,0,3.6,US,1701560360
77,auki,-8.7676,160.7034,24.95,95,100,1.92,SB,1701560360
78,bredasdorp,-34.5322,20.0403,16.52,74,100,0.96,ZA,1701560360
79,st. john's,47.5649,-52.7093,3.15,95,75,1.54,CA,1701560361
80,hithadhoo,-0.6,73.0833,27.73,72,57,4.1,MV,1701560361
81,okakarara,-20.5833,17.4333,21.21,66,97,2.7,NA,1701560362
82,severo-yeniseyskiy,60.3725,93.0408,-11.58,92,100,3.84,RU,1701560091
83,talnakh,69.4865,88.3972,-28.22,92,21,0.53,RU,1701560363
84,aykhal,66.0,111.5,-36.98,100,95,2.11,RU,1701560363
85,nuriootpa,-34.4833,139.0,21.94,41,21,3.48,AU,1701560364
86,bardai,11.65,7.2333,21.34,16,7,3.59,NG,1701560293
87,luanda,-8.8368,13.2343,26.0,83,20,1.54,AO,1701560365
88,bikenibeu village,1.3673,173.1241,25.98,94,100,2.06,KI,1701560365
89,hawaiian paradise park,19.5933,-154.9731,27.73,82,75,4.63,US,1701560159
90,avarua,-21.2078,-159.775,26.03,73,20,6.17,CK,1701560141
91,chichen-itza,20.6667,-88.5667,28.03,78,20,3.6,MX,1701560085
92,udachny,66.4167,112.4,-35.31,66,100,1.18,RU,1701560367
93,bandon,51.7469,-8.7425,3.77,92,98,1.45,IE,1701560304
94,archangelos,36.2149,28.1149,17.95,82,100,4.35,GR,1701560368
95,isafjordur,66.0755,-23.124,-0.9,82,80,4.46,IS,1701560151
96,kayangel,8.0823,134.7173,28.74,77,65,8.02,PW,1701560369
97,okhotsk,59.3833,143.3,-32.87,87,76,5.19,RU,1701560370
98,lompoc,34.6391,-120.4579,20.38,64,0,9.77,US,1701560370
99,puerto natales,-51.7236,-72.4875,5.22,71,38,5.89,CL,1701560371
100,grenaa,56.4158,10.8783,-5.78,76,99,3.07,DK,1701560372
101,iqaluit,63.7506,-68.5145,-6.15,58,40,5.66,CA,1701560372
102,wolmaransstad,-27.1974,25.9831,18.97,45,7,2.09,ZA,1701560372
103,kangaba,11.9333,-8.4167,25.11,22,84,2.38,ML,1701560373
104,cambria,35.5641,-121.0808,19.12,84,72,3.13,US,1701560373
105,dryden,49.7833,-92.7503,-2.84,68,75,4.12,CA,1701560374
106,hami,42.8,93.45,-1.12,41,2,2.52,CN,1701560374
107,al kharijah,25.4514,30.5464,15.53,58,0,2.96,EG,1701560374
108,kota tinggi,1.7381,103.8999,27.4,74,98,1.12,MY,1701560375
109,lihue,21.9789,-159.3672,27.47,75,0,3.6,US,1701560303
110,nhamunda,-2.1861,-56.7131,27.01,71,100,1.71,BR,1701560375
111,malabo,3.75,8.7833,23.92,88,20,1.03,GQ,1701560357
112,kavieng,-2.5744,150.7967,28.38,72,100,2.64,PG,1701560376
113,tsiombe,-25.3,45.4833,20.71,57,64,5.94,MG,1701560376
114,guerrero negro,27.9769,-114.0611,19.7,47,2,5.44,MX,1701560377
115,enewetak,11.3474,162.3373,27.71,77,94,7.21,MH,1701560377
116,vadso,70.0744,29.7487,0.09,93,100,5.14,NO,1701560377
117,tadine,-21.55,167.8833,26.41,62,10,0.11,NC,1701560378
118,vilyuchinsk,52.9306,158.4028,-7.26,81,100,2.12,RU,1701560378
119,college,64.8569,-147.8028,-19.03,77,40,1.54,US,1701560093
120,adre,13.4667,22.2,22.01,16,52,5.61,TD,1701560379
121,saint-philippe,-21.3585,55.7679,23.77,94,92,1.72,RE,1701560380
122,bhadra,29.1167,75.1667,16.62,54,0,1.39,IN,1701560380
123,al wajh,26.2455,36.4525,20.97,60,0,1.54,SA,1701560381
124,mugia,43.1041,-9.2179,9.39,78,80,8.59,ES,1701560381
125,dunedin,-45.8742,170.5036,12.67,77,99,6.26,NZ,1701560327
126,pitimbu,-7.4706,-34.8086,27.33,83,64,2.63,BR,1701560382
127,punta del este,-34.9667,-54.95,20.54,93,0,1.54,UY,1701560383
128,nyaunglebin,17.95,96.7333,21.94,89,67,1.2,MM,1701560383
129,chui,-33.6971,-53.4616,18.87,95,100,2.44,UY,1701560383
130,longyearbyen,78.2186,15.6401,-9.09,79,75,5.14,SJ,1701560129
131,codrington,-38.2667,141.9667,18.53,59,65,3.29,AU,1701560384
132,koungou,-12.7336,45.2042,25.84,89,0,2.57,YT,1701560385
133,new shagunnu,10.3396,4.4688,25.98,32,74,2.51,NG,1701560385
134,turpan,42.9333,89.1667,1.04,45,46,0.38,CN,1701560386
135,la passe,45.5549,-0.8967,-1.87,89,43,3.21,FR,1701560387
136,badger,64.8,-147.5333,-19.07,81,40,1.54,US,1701560140
137,nar'yan-mar,67.6713,53.087,-9.94,95,100,5.36,RU,1701560388
138,vorgashor,67.5833,63.95,-21.54,96,84,2.49,RU,1701560388
139,hasaki,35.7333,140.8333,6.27,56,94,1.19,JP,1701560356
140,rudnichnyy,59.617,52.4703,-12.31,96,100,2.43,RU,1701560390
141,mejit,10.2753,170.8646,27.47,76,83,8.67,MH,1701560391
142,kapa'a,22.0752,-159.319,27.88,74,0,3.6,US,1701560391
143,ingeniero guillermo n. juarez,-23.9,-61.85,33.95,42,67,3.1,AR,1701560392
144,jinchang,38.4953,102.1739,1.24,15,17,3.41,CN,1701560392
145,zabol,32.25,67.25,5.31,52,95,0.45,AF,1701560393
146,pacific grove,36.6177,-121.9166,16.82,80,40,1.54,US,1701560393
147,kourou,5.1552,-52.6478,27.03,80,52,2.69,GF,1701560394
148,holualoa,19.6228,-155.9522,25.99,82,40,4.63,US,1701560394
149,korla,41.7597,86.1469,4.46,35,62,1.81,CN,1701560395
150,port douglas,-16.4833,145.4667,33.92,47,95,1.55,AU,1701560395
151,tortoli,39.9256,9.6572,11.9,54,0,1.54,IT,1701560396
152,vilyuysk,63.7553,121.6247,-44.58,100,69,1.59,RU,1701560396
153,georgetown,5.4112,100.3354,26.12,89,20,2.06,MY,1701560367
154,shitanjing,39.2342,106.3439,-3.24,26,45,1.7,CN,1701560397
155,nuuk,64.1835,-51.7216,0.34,74,75,1.03,GL,1701560280
156,afaahiti,-17.75,-149.2833,29.93,84,88,9.13,PF,1701560398
157,aasiaat,68.7098,-52.8699,-10.53,84,37,2.62,GL,1701560398
158,morehead city,34.7229,-76.726,19.0,90,75,2.06,US,1701560399
159,ilulissat,69.2167,-51.1,-1.99,50,24,8.75,GL,1701560171
160,turar ryskulov,42.5333,70.3333,6.25,59,6,1.66,KZ,1701560401
161,santo antonio,-6.3106,-35.4789,24.37,83,41,3.52,BR,1701560402
162,atafu village,-8.5421,-172.5159,27.54,69,100,2.67,TK,1701560402
163,yuzhno-kurilsk,44.0306,145.8556,1.32,64,49,3.55,RU,1701560403
164,new plymouth,-39.0667,174.0833,17.67,94,100,6.13,NZ,1701560274
165,magadan,59.5667,150.8,-21.17,98,99,1.83,RU,1701560404
166,burayevo,55.8407,55.4083,-8.29,92,93,4.76,RU,1701560404
167,pacocha,-17.5833,-71.3333,18.65,78,31,3.23,PE,1701560405
168,ilhabela,-23.7781,-45.3581,24.34,92,25,3.29,BR,1701560405
169,iskateley,67.6803,53.1512,-9.99,95,100,5.36,RU,1701560406
170,champerico,14.3,-91.9167,32.3,79,9,2.94,GT,1701560406
171,sur,22.5667,59.5289,24.91,60,0,2.63,OM,1701560406
172,ketchikan,55.3422,-131.6461,5.26,87,100,0.0,US,1701560407
173,knyaze-volkonskoye,48.4642,135.4567,-14.81,95,12,2.04,RU,1701560407
174,margaret river,-33.95,115.0667,18.42,70,72,5.46,AU,1701560400
175,adjumani,3.3779,31.7909,21.88,69,45,1.24,UG,1701560408
176,cowansville,45.2001,-72.7491,2.18,99,100,2.57,CA,1701560283
177,obo,5.3998,26.4869,22.74,84,92,1.39,CF,1701560409
178,eregli,37.5133,34.0467,8.31,60,54,0.95,TR,1701560409
179,punta arenas,-53.15,-70.9167,8.06,57,40,10.29,CL,1701560410
180,zhangjiakou shi xuanhua qu,40.6103,115.0447,-3.19,49,5,0.49,CN,1701560410
181,basco,20.4487,121.9702,25.84,81,79,7.93,PH,1701560411
182,padang,-0.9492,100.3543,24.03,92,86,1.35,ID,1701560411
183,mount gambier,-37.8333,140.7667,19.54,51,10,1.73,AU,1701560412
184,tamale,9.4008,-0.8393,29.08,29,38,2.17,GH,1701560412
185,chengyang,27.0892,119.6453,12.05,90,94,0.67,CN,1701560413
186,kimbe,-5.5502,150.1429,30.03,66,96,1.08,PG,1701560413
187,sandnessjoen,66.0217,12.6316,-18.71,66,78,4.15,NO,1701560413
188,uturoa,-16.7333,-151.4333,27.44,77,92,8.33,PF,1701560414
189,san luis de la loma,17.2706,-100.8939,26.54,74,38,1.03,MX,1701560414
190,mount isa,-20.7333,139.5,32.87,46,64,3.09,AU,1701560415
191,yanam,16.7333,82.2167,25.56,80,99,6.0,IN,1701560415
192,san patricio,28.017,-97.5169,22.97,64,100,3.48,US,1701560416
193,sinabang,2.4803,96.3801,24.76,93,99,2.92,ID,1701560416
194,catriel,-37.8791,-67.7956,17.09,14,0,8.24,AR,1701560416
195,margate,51.3813,1.3862,4.27,72,6,4.21,GB,1701560417
196,mishan,45.55,131.8833,-16.5,99,99,1.54,CN,1701560417
197,tyukhtet,56.5389,89.3011,-5.46,91,98,3.53,RU,1701560418
198,orkney,-26.9802,26.6727,21.85,24,19,2.32,ZA,1701560418
199,karmaskaly,54.3709,56.1837,-4.05,92,99,6.28,RU,1701560419
200,fortaleza,-3.7227,-38.5247,28.93,75,20,3.6,BR,1701560401
201,anina,45.0794,21.8569,0.58,84,100,4.13,RO,1701560419
202,lisala,2.15,21.5167,21.27,98,84,0.97,CD,1701560301
203,amga,60.8953,131.9608,-31.9,100,100,0.78,RU,1701560420
204,fuyuan,46.4333,127.0833,-18.29,98,83,4.41,CN,1701560421
205,ain taya,36.7933,3.2869,12.91,76,75,3.6,DZ,1701560421
206,mahibadhoo,3.7833,72.9667,27.7,78,89,5.11,MV,1701560422
207,withernsea,53.7311,0.0335,1.16,79,96,6.42,GB,1701560422
208,lorengau,-2.0226,147.2712,29.17,70,70,1.51,PG,1701560423
209,laguna,38.421,-121.4238,16.14,78,100,5.14,US,1701560423
210,huetamo de nunez,18.5833,-100.8833,28.47,54,49,0.57,MX,1701560423
211,ayaviri,-14.8864,-70.5889,13.0,48,80,0.49,PE,1701560424
212,dalnegorsk,44.5604,135.5701,-9.67,88,45,2.68,RU,1701560424
213,northam,51.0333,-4.2167,6.48,95,100,4.94,GB,1701560425
214,ribeira grande,38.5167,-28.7,14.32,58,100,4.02,PT,1701560425
215,kailua-kona,19.6406,-155.9956,28.06,82,40,4.63,US,1701560425
216,imbituba,-28.24,-48.6703,23.85,97,79,1.06,BR,1701560426
217,cururupu,-1.8283,-44.8683,25.64,82,20,1.61,BR,1701560426
218,sao luis de montes belos,-16.525,-50.3722,23.53,73,58,1.04,BR,1701560426
219,robertsport,6.7533,-11.3686,26.52,86,78,0.87,LR,1701560427
220,motueka,-41.1333,173.0167,16.72,97,100,2.35,NZ,1701560427
221,chibougamau,49.9168,-74.3659,-13.21,92,0,0.0,CA,1701560275
222,safford,32.834,-109.7076,14.51,38,0,5.14,US,1701560428
223,san angelo,31.4638,-100.437,19.12,29,0,7.72,US,1701560312
224,hermanus,-34.4187,19.2345,15.76,81,92,1.11,ZA,1701560428
225,medina,24.4686,39.6142,25.24,18,0,4.63,SA,1701560429
226,ataq,14.5377,46.8319,15.19,30,29,1.15,YE,1701560429
227,el abiodh sidi cheikh,32.893,0.5484,6.9,80,28,4.75,DZ,1701560429
228,jamaame,0.0697,42.745,24.72,83,97,2.23,SO,1701560430
229,ohara,35.25,140.3833,11.79,67,32,2.71,JP,1701560430
230,port alfred,-33.5906,26.891,17.88,95,89,3.32,ZA,1701560431
231,whitehorse,60.7161,-135.0538,-10.57,92,75,0.0,CA,1701560344
232,huilong,31.8111,121.655,6.58,50,59,0.6,CN,1701560432
233,nova sintra,14.8667,-24.7167,22.9,76,75,3.99,CV,1701560432
234,sisimiut,66.9395,-53.6735,-4.55,72,98,2.82,GL,1701560433
235,dudinka,69.4058,86.1778,-27.99,90,9,7.34,RU,1701560433
236,ulaangom,49.9811,92.0667,-16.91,85,99,1.28,MN,1701560433
237,pingliang,35.5392,106.6861,0.56,51,16,0.76,CN,1701560434
238,taungoo,18.9333,96.4333,21.26,91,90,1.27,MM,1701560434
239,villanueva,15.3167,-88.0,29.55,66,20,4.12,HN,1701560435
240,semirom,31.4167,51.5667,3.2,43,0,0.97,IR,1701560436
241,tannum sands,-23.9504,151.3693,33.75,70,80,2.06,AU,1701560436
242,rabo de peixe,37.8,-25.5833,12.73,82,75,9.26,PT,1701560437
243,glenwood springs,39.5505,-107.3248,1.51,70,100,8.23,US,1701560437
244,bogatynia,50.9075,14.9563,-2.85,90,100,1.79,PL,1701560438
245,barra de santo antonio,-9.4047,-35.5072,25.6,81,86,4.56,BR,1701560438
246,isangel,-19.55,169.2667,28.04,65,17,2.43,VU,1701560438
247,oyem,1.5995,11.5793,19.9,99,100,0.81,GA,1701560439
248,san rafael del yuma,18.4299,-68.6739,26.11,95,47,3.5,DO,1701560439
249,utrik,11.2278,169.8474,27.17,77,70,8.83,MH,1701560440
250,talcahuano,-36.7167,-73.1167,15.82,48,0,9.26,CL,1701560440
251,epalinges,46.5518,6.6683,-3.17,89,72,2.2,CH,1701560441
252,warrnambool,-38.3833,142.4833,16.76,71,49,2.36,AU,1701560441
253,arapgir,39.0412,38.4952,6.02,75,0,2.0,TR,1701560442
254,cabo san lucas,22.8909,-109.9124,25.61,57,0,5.14,MX,1701559850
255,queenstown,-31.8976,26.8753,17.64,76,83,1.31,ZA,1701560442
256,bubaque,11.2833,-15.8333,27.98,65,100,5.63,GW,1701560443
257,port elizabeth,-33.918,25.5701,19.06,92,75,0.51,ZA,1701560443
258,saudarkrokur,65.7461,-19.6394,-4.81,77,92,1.96,IS,1701560444
259,betio village,1.358,172.9211,26.02,85,100,5.9,KI,1701560444
260,sayat,38.7839,63.8803,6.93,55,0,2.41,TM,1701560445
261,el sauzal de rodriguez,31.9,-116.6833,17.45,65,0,1.71,MX,1701560445
262,general conesa,-40.1,-64.4333,16.7,11,11,5.53,AR,1701560446
263,tamanrasset,22.785,5.5228,11.95,19,0,1.03,DZ,1701560446
264,rtishchevo,52.2604,43.7874,-7.72,96,94,1.55,RU,1701560447
265,novyy turtkul',41.55,61.0167,1.95,87,79,2.33,UZ,1701560447
266,graaff-reinet,-32.2522,24.5308,14.4,84,87,1.44,ZA,1701560447
267,conception bay south,47.4999,-52.9981,3.02,94,100,2.16,CA,1701560448
268,rundu,-17.9333,19.7667,21.41,61,47,1.85,NA,1701560448
269,necochea,-38.5473,-58.7368,13.39,61,72,9.79,AR,1701560293
270,namibe,-15.1961,12.1522,21.75,87,100,4.08,AO,1701560449
271,oranjemund,-28.55,16.4333,15.93,92,8,4.57,NA,1701560450
272,nemuro,43.3236,145.575,2.15,61,26,5.01,JP,1701560450
273,khandyga,62.6667,135.6,-30.6,98,100,1.98,RU,1701560451
274,ales,44.1333,4.0833,-0.4,62,0,2.4,FR,1701560451
275,palapye,-22.546,27.1251,20.24,26,23,1.83,BW,1701560451
276,madimba,-10.4,40.3333,24.69,89,100,1.74,TZ,1701560452
277,chakari,-18.0629,29.8925,20.27,43,2,1.89,ZW,1701560452
278,klyuchi,52.2667,79.1667,1.4,86,100,9.95,RU,1701560453
279,igarka,67.4667,86.5833,-32.72,98,11,3.85,RU,1701560453
280,palmer,42.1584,-72.3287,8.41,89,100,1.08,US,1701560454
281,crane,31.3974,-102.3501,14.06,26,0,3.38,US,1701560454
282,mana,5.6592,-53.7767,25.38,88,55,3.15,GF,1701560455
283,yorkton,51.2167,-102.4677,-1.09,74,75,4.63,CA,1701560158
284,manokwari,-0.8667,134.0833,27.93,72,92,0.35,ID,1701560455
285,la mira,18.035,-102.3266,26.6,70,47,1.55,MX,1701560456
286,kidal,18.4411,1.4078,24.33,8,15,4.46,ML,1701560456
287,east wenatchee bench,47.4257,-120.2812,6.6,87,0,0.0,US,1701560457
288,kirovs'k,48.6375,38.6428,3.99,99,100,3.49,UA,1701560457
289,melo,-32.3667,-54.1833,21.52,93,99,1.36,UY,1701560457
290,kilifi,-3.6305,39.8499,24.25,94,70,0.74,KE,1701560458
291,sao vicente,-23.9631,-46.3919,31.82,26,7,1.15,BR,1701560458
292,east london,-33.0153,27.9116,21.0,80,100,5.0,ZA,1701560458
293,quartu sant'elena,39.2419,9.1839,12.82,83,0,2.57,IT,1701560459
294,coaticook,45.1334,-71.7991,1.87,99,100,0.92,CA,1701560459
295,sibiti,-3.6819,13.3499,20.25,100,94,0.86,CG,1701560459
296,buka,40.8108,69.1986,8.75,48,0,1.08,UZ,1701560460
297,zemio,5.0314,25.1361,21.42,93,98,1.6,CF,1701560460
298,moanda,-1.5575,13.2178,21.48,98,100,1.01,GA,1701560461
299,dubbo,-32.25,148.6167,25.07,47,7,0.51,AU,1701560461
300,cockburn town,21.4612,-71.1419,26.98,74,40,7.72,TC,1701560462
301,port lincoln,-34.7333,135.8667,17.9,65,42,5.84,AU,1701560206
302,cruzeiro do sul,-29.5128,-51.9853,23.93,90,100,0.69,BR,1701560462
303,galesburg,40.9478,-90.3712,4.84,94,100,1.54,US,1701560463
304,tutoia,-2.7619,-42.2744,26.88,79,27,4.33,BR,1701560463
305,mandan,46.8267,-100.8896,2.12,68,0,3.6,US,1701560021
306,bel ombre,-4.6167,55.4167,25.91,89,40,1.03,SC,1701560464
307,gamba,-2.65,10.0,24.94,88,100,0.81,GA,1701560464
308,qaqortoq,60.7167,-46.0333,-1.05,76,100,3.68,GL,1701560465
309,labytnangi,66.6572,66.4183,-23.85,96,75,3.35,RU,1701560465
310,vuktyl,63.8567,57.3094,-12.16,95,100,0.89,RU,1701560466
311,saint-leu,-21.15,55.2833,23.86,93,37,2.64,RE,1701560466
312,kerema,-7.9631,145.7785,28.1,71,99,1.09,PG,1701560467
313,richards bay,-28.783,32.0377,19.83,93,52,1.85,ZA,1701560467
314,pawai,24.2667,80.1667,18.89,78,28,2.48,IN,1701560467
315,waingapu,-9.6567,120.2641,28.37,75,97,1.77,ID,1701560468
316,palikir - national government center,6.9248,158.1611,29.47,74,100,5.14,FM,1701560468
317,bela,25.9333,81.9833,18.53,55,23,2.68,IN,1701560469
318,arkhangel'sk,64.5401,40.5433,-13.94,92,100,0.0,RU,1701560469
319,hafar al-batin,28.4328,45.9708,13.32,58,0,2.06,SA,1701560470
320,pathein,16.7833,94.7333,21.99,87,94,2.92,MM,1701560470
321,douglas,41.3,-96.167,3.11,78,100,2.06,US,1701560471
322,changling,44.2653,124.0005,-10.99,85,5,5.81,CN,1701560471
323,decatur,39.8403,-88.9548,6.04,87,100,1.54,US,1701560472
324,sabang,5.8933,95.3214,27.15,78,98,5.34,ID,1701560326
325,tutong,4.8,114.65,25.05,91,99,1.98,BN,1701560472
326,anadyr,64.75,177.4833,-19.72,83,100,2.68,RU,1701560474
327,fort mcmurray,56.7268,-111.381,-7.23,86,0,1.54,CA,1701560214
328,vernon,50.2581,-119.2691,3.2,81,100,1.03,CA,1701560411
329,siwa oasis,29.2041,25.5195,16.59,57,91,2.53,EG,1701560475
330,niafunke,15.9322,-3.9906,27.43,15,46,4.89,ML,1701560476
331,kuta,-8.7233,115.1723,26.97,83,75,2.68,ID,1701560476
332,yamada,39.4667,141.95,6.34,64,62,1.33,JP,1701560476
333,nogliki,51.8333,143.1667,-17.03,96,49,2.24,RU,1701560326
334,essaouira,31.5125,-9.77,15.72,72,20,6.69,MA,1701560477
335,dongning,44.0622,131.1207,-9.52,91,70,1.73,CN,1701560478
336,odienne,9.51,-7.5692,26.48,52,32,1.6,CI,1701560478
337,ixtapa,20.7,-105.2,26.24,73,100,3.09,MX,1701560479
338,tabuk,17.4189,121.4443,24.81,83,54,1.59,PH,1701560479
339,el granada,37.5027,-122.4694,16.9,85,100,4.12,US,1701560480
340,katsuura,35.1333,140.3,13.24,62,13,5.48,JP,1701560481
341,burutu,5.3509,5.5076,25.85,87,93,1.95,NG,1701560481
342,katsuren-haebaru,26.3369,127.8719,19.43,67,40,2.57,JP,1701560481
343,bogale,16.2833,95.4,22.49,89,98,3.2,MM,1701560482
344,winnemucca,40.973,-117.7357,8.03,49,100,7.72,US,1701560482
345,pisco,-13.7,-76.2167,21.03,78,0,8.75,PE,1701560483
346,portland,45.5234,-122.6762,10.02,91,100,2.24,US,1701559632
347,acapulco de juarez,16.8634,-99.8901,29.9,62,75,2.57,MX,1701560295
348,taourirt,34.4073,-2.8973,10.91,67,20,2.05,MA,1701560484
349,cao lanh,10.45,105.6333,24.97,91,100,1.36,VN,1701560484
350,borisoglebskiy,57.2586,39.1508,-14.38,99,89,1.72,RU,1701560485
351,palmas,-10.2128,-48.3603,28.93,74,20,2.06,BR,1701559994
352,ar rass,25.8694,43.4973,16.47,44,0,4.62,SA,1701560485
353,al mishkhab,31.8042,44.4911,15.26,46,0,3.8,IQ,1701560486
354,yoichi,43.2039,140.7703,2.83,72,84,3.2,JP,1701560486
355,chonchi,-42.6128,-73.8092,10.56,92,38,1.38,CL,1701560487
356,conde,-7.2597,-34.9075,26.7,78,0,3.6,BR,1701560324
357,aoulef,26.9667,1.0833,19.73,13,55,2.87,DZ,1701560488
358,umm qasr,30.0405,47.9168,11.93,43,0,3.98,IQ,1701560489
359,santa sylvina,-27.8326,-61.1375,27.81,76,36,5.69,AR,1701560489
360,plettenberg bay,-34.0527,23.3716,14.66,89,5,1.58,ZA,1701560489
361,likiep,9.8251,169.3107,27.64,74,47,8.34,MH,1701560490
362,codajas,-3.8367,-62.0569,24.47,91,100,1.11,BR,1701560490
363,monrovia,6.3005,-10.7969,25.87,84,51,3.01,LR,1701560491
364,alofi,-19.0595,-169.9187,27.94,74,70,7.98,NU,1701560491
365,flying fish cove,-10.4217,105.6791,24.82,73,81,3.6,CX,1701560492
366,mudgere,13.1333,75.6333,17.71,97,100,1.32,IN,1701560492
367,suva,-18.1416,178.4415,30.71,66,40,3.6,FJ,1701560493
368,minas de marcona,-15.2119,-75.1103,15.31,77,23,6.28,PE,1701560493
369,hadibu,12.65,54.0333,25.78,73,88,8.96,YE,1701560493
370,poco verde,-10.7083,-38.1833,23.24,82,26,3.98,BR,1701560494
371,neryungri,56.6709,124.6491,-26.87,97,94,1.38,RU,1701560494
372,medicine hat,50.0501,-110.6683,5.24,45,75,5.14,CA,1701560446
373,enriquillo,17.9,-71.2333,29.82,93,78,2.41,DO,1701560495
374,ulsteinvik,62.3432,5.8487,0.97,71,100,1.79,NO,1701560495
375,east ballina,-28.8667,153.5833,29.89,59,17,2.19,AU,1701560496
376,llanes,43.4198,-4.7549,9.94,68,57,1.97,ES,1701560496
377,kalinkavichy,52.1323,29.3257,-2.55,97,100,5.2,BY,1701560497
378,horta,38.5333,-28.6333,13.9,58,100,4.02,PT,1701560498
379,geraldton,-28.7667,114.6,22.23,68,100,4.63,AU,1701560498
380,ponta delgada,37.7333,-25.6667,13.4,82,75,9.26,PT,1701560498
381,tuy hoa,13.0833,109.3,24.37,93,97,2.38,VN,1701560499
382,aras-asan,8.8908,126.3033,27.38,83,98,2.62,PH,1701560499
383,langepas,61.2544,75.2124,-19.84,97,99,3.08,RU,1701560499
384,miguel ahumada,30.6167,-106.5167,12.61,33,0,3.33,MX,1701560500
385,howrah,22.5892,88.3103,20.0,88,40,3.09,IN,1701560500
386,al jawf,29.5,38.75,14.29,47,0,2.62,SA,1701560500
387,kapoeta,4.7717,33.5903,28.36,38,49,3.37,SS,1701560501
388,moundou,8.5667,16.0833,26.57,27,71,1.7,TD,1701560501
389,salekhard,66.53,66.6019,-24.64,96,72,5.23,RU,1701560502
390,makarska,43.2969,17.0178,12.44,68,68,4.26,HR,1701560502
391,coxen hole,16.3244,-86.5366,28.6,79,0,9.26,HN,1701560503
392,nago,26.5881,127.9761,19.47,60,11,2.17,JP,1701560504
393,bonthe,7.5264,-12.505,26.32,87,75,2.19,SL,1701560504
394,klaksvik,62.2266,-6.589,1.51,68,100,4.47,FO,1701560505
395,robore,-18.3333,-59.75,29.97,49,42,2.58,BO,1701560505
396,khor,47.8861,134.9464,-18.9,99,56,2.24,RU,1701560506
397,island harbour,50.724,-1.2758,8.85,80,86,2.68,GB,1701560506
398,freetown,8.484,-13.2299,26.61,85,80,2.19,SL,1701560507
399,trincomalee,8.5711,81.2335,23.57,96,82,3.61,LK,1701560507
400,le vauclin,14.5452,-60.8388,27.03,78,75,3.6,MQ,1701560508
401,andergrove,-21.0833,149.1833,32.03,54,69,3.32,AU,1701560508
402,dire dawa,9.5931,41.8661,17.99,35,93,1.69,ET,1701560509
403,oriximina,-1.7656,-55.8661,25.53,82,100,2.17,BR,1701560509
404,guarapari,-20.6667,-40.4975,26.05,90,10,5.67,BR,1701560510
405,greenville,35.6127,-77.3663,18.97,96,100,0.0,US,1701560510
406,jindabyne,-36.4167,148.6333,13.35,80,80,2.04,AU,1701560511
407,kudepsta,43.4944,39.8964,12.03,62,8,7.15,RU,1701560511
408,bossangoa,6.4926,17.4552,25.58,57,78,1.73,CF,1701560511
409,cedeira,43.6797,-8.0209,8.91,68,60,4.11,ES,1701560512
410,ancud,-41.8697,-73.8203,9.33,69,13,4.13,CL,1701560512
411,summerland,49.5998,-119.6691,2.73,75,20,8.23,CA,1701560513
412,hammerfest,70.6634,23.6821,-3.75,68,100,0.51,NO,1701560513
413,altar,30.7,-111.8167,19.23,22,3,3.22,MX,1701560514
414,saipan,15.1355,145.701,28.39,69,40,9.77,MP,1701560514
415,taro,-8.3862,115.28,23.0,85,90,1.13,ID,1701560515
416,nerchinsk,51.9833,116.5833,-10.56,95,99,1.7,RU,1701560515
417,walvis bay,-22.9575,14.5053,17.83,85,86,5.02,NA,1701560515
418,kinablangan,7.6947,126.5503,26.28,87,98,1.35,PH,1701560516
419,san antonio de pale,-1.4014,5.6325,26.49,84,93,4.0,GQ,1701560517
420,revelstoke,50.9832,-118.2023,-0.99,100,100,0.0,CA,1701560517
421,tosontsengel,48.7567,98.2839,-12.27,89,74,1.69,MN,1701560518
422,benjamin aceval,-24.9667,-57.5667,29.64,60,23,3.27,PY,1701560518
423,corinto,37.9407,22.9573,15.5,72,100,2.02,GR,1701560518
424,praia da vitoria,38.7333,-27.0667,15.14,58,75,8.76,PT,1701560519
425,cannonvale,-20.2833,148.7,27.66,70,87,4.24,AU,1701560519
426,siyabuswa,-25.1132,29.0445,20.71,40,1,2.59,ZA,1701560520
427,kalmunai,7.4167,81.8167,23.93,91,85,2.78,LK,1701560520
428,orsa,54.5153,30.4053,-9.38,97,100,3.05,BY,1701560521
429,mandalgovi,45.7625,106.2708,-6.4,56,5,4.26,MN,1701560521
430,glen innes,-29.7333,151.7333,23.78,31,4,3.7,AU,1701560522
431,sechura,-5.5569,-80.8222,22.58,72,12,7.62,PE,1701560522
432,kulhudhuffushi,6.6221,73.07,28.23,74,87,4.24,MV,1701560523
433,shetpe,44.1667,52.1167,8.94,87,64,3.84,KZ,1701560523
434,pontes e lacerda,-15.2261,-59.3353,25.11,79,75,0.45,BR,1701560524
435,popondetta,-8.7537,148.2534,32.09,53,80,1.77,PG,1701560524
436,danielskuil,-28.1887,23.5395,18.75,49,25,2.6,ZA,1701560525
437,yuzha,56.5831,42.0122,-13.19,99,88,1.16,RU,1701560525
438,kruisfontein,-34.0033,24.7314,17.16,95,77,1.16,ZA,1701560526
439,waynesville,35.4887,-82.9887,15.47,90,100,1.79,US,1701560511
440,vila franca do campo,37.7167,-25.4333,13.23,91,100,8.29,PT,1701560527
441,polyarnyy,69.1989,33.4478,-0.36,91,100,6.1,RU,1701560527
442,wang nam yen,13.5033,102.1812,22.59,89,90,3.69,TH,1701560528
443,nabire,-3.3667,135.4833,28.16,74,91,0.97,ID,1701560529
444,linxia chengguanzhen,35.6003,103.2064,-0.36,49,38,0.71,CN,1701560529
445,tolanaro,-25.0319,46.9987,22.04,68,75,5.14,MG,1701560530
446,itoman,26.1247,127.6694,19.43,60,20,3.09,JP,1701560530
447,kill devil hills,36.0307,-75.676,19.0,98,75,0.0,US,1701560531
448,chittarkonda,18.1167,82.0833,18.78,59,83,1.79,IN,1701560531
449,palamos,41.8484,3.1291,8.39,42,73,6.71,ES,1701560532
450,mombetsu,44.3525,143.3525,1.22,77,100,1.72,JP,1701560532
451,pimentel,-6.8367,-79.9342,22.16,78,0,9.77,PE,1701560533
452,trairi,-3.2778,-39.2689,26.59,72,33,4.23,BR,1701560533
453,severodvinsk,64.5635,39.8302,-13.94,99,89,1.46,RU,1701560534
454,vilanova i la geltru,41.2239,1.7251,10.94,53,1,2.24,ES,1701560534
455,juan griego,11.0817,-63.9655,25.59,87,38,4.89,VE,1701560535
456,filey,54.21,-0.2892,0.99,92,98,4.47,GB,1701560536
457,mukalla,14.5425,49.1242,23.7,45,14,2.41,YE,1701560536
458,nadi,-17.8,177.4167,31.0,62,20,6.69,FJ,1701560420
459,remire-montjoly,4.9167,-52.2667,27.02,78,0,2.06,GF,1701560537
460,nagqu,31.5,92.0,-10.81,55,31,1.47,CN,1701560538
461,labrador city,52.9463,-66.9114,-23.05,77,0,1.54,CA,1701560504
462,trapani,37.8333,12.6667,15.05,63,20,3.6,IT,1701560539
463,la ronge,55.1001,-105.2842,-5.86,93,75,3.09,CA,1701560540
464,timbuktu,16.7735,-3.0074,25.43,9,38,5.07,ML,1701560541
465,punta cardon,11.6581,-70.215,26.97,79,31,11.64,VE,1701560281
466,san pedro,14.35,121.0167,27.95,77,20,2.24,PH,1701560542
467,masterton,-40.9597,175.6575,15.49,76,100,3.59,NZ,1701560543
468,celestun,20.8667,-90.4,25.84,86,92,5.86,MX,1701560544
469,hobyo,5.3505,48.5268,26.32,77,100,8.52,SO,1701560545
470,pergamino,-33.89,-60.5736,26.77,53,27,3.37,AR,1701560545
471,altus,34.6381,-99.334,17.73,35,0,5.66,US,1701560546
472,funafuti,-8.5243,179.1942,28.96,72,84,6.34,TV,1701560546
473,naze,28.3667,129.4833,15.51,63,90,5.25,JP,1701560547
474,ola,59.5833,151.2833,-14.62,94,100,3.95,RU,1701560547
475,cestos city,5.46,-9.5828,26.4,85,32,2.31,LR,1701560548
476,lautoka,-17.6167,177.4667,30.92,62,20,6.69,FJ,1701560548
477,grand falls-windsor,48.9332,-55.6649,-0.28,92,100,0.98,CA,1701560549
478,opuwo,-18.0607,13.84,20.2,85,100,4.59,NA,1701560549
479,yanchep,-31.55,115.6833,23.12,71,87,3.01,AU,1701560550
480,darovskoy,58.77,47.9564,-14.11,97,69,1.88,RU,1701560551
481,kalaoa,19.7286,-155.9817,25.18,82,40,4.63,US,1701560552
482,thinadhoo,0.5333,72.9333,27.91,73,99,5.45,MV,1701560552
483,hotan,37.0997,79.9269,0.01,41,45,0.84,CN,1701560553
484,sao jose da coroa grande,-8.8978,-35.1478,25.44,82,95,3.89,BR,1701560553
485,acarau,-2.8856,-40.12,26.94,72,73,6.35,BR,1701560554
486,pailon,-17.65,-62.75,31.5,45,57,5.65,BO,1701560554
487,asia,9.5506,122.5164,27.59,77,68,5.06,PH,1701560555
488,wynyard,-41.0,145.7167,16.4,76,100,3.62,AU,1701560556
489,egilsstadir,65.2653,-14.3948,-4.05,100,75,1.03,IS,1701560556
490,westport,41.1415,-73.3579,10.33,87,100,0.45,US,1701560557
491,farasan,16.7022,42.1183,28.13,71,9,6.9,SA,1701560557
492,souillac,-20.5167,57.5167,24.21,94,75,3.6,MU,1701560558
493,tidjikja,18.5564,-11.4271,24.74,25,97,4.64,MR,1701560558
494,rio grande city,26.3798,-98.8203,23.39,51,100,4.43,US,1701560559
495,kupang,-10.1667,123.5833,29.32,79,40,2.06,ID,1701560559
496,mateur,37.0405,9.6656,13.79,69,78,4.64,TN,1701560559
497,kolonia,50.9333,6.95,1.05,79,20,2.57,DE,1701560560
498,tefe,-3.3542,-64.7114,24.06,100,100,1.54,BR,1701560560
499,belyy yar,53.6039,91.3903,-0.06,80,0,5.0,RU,1701560561
500,taoudenni,22.6783,-3.9836,22.63,27,23,2.53,ML,1701560561
501,saldanha,-33.0117,17.9442,15.03,78,23,5.87,ZA,1701560562
502,sault ste. marie,46.5168,-84.3333,-1.84,63,0,0.0,CA,1701560306
503,vredendal,-31.6683,18.5012,14.2,90,0,3.28,ZA,1701560563
504,murzuq,25.9155,13.9184,17.26,23,97,3.94,LY,1701560564
505,aswan,24.0934,32.907,19.61,42,0,3.09,EG,1701560564
506,angaur state,6.906,134.13,28.59,78,53,6.51,PW,1701560565
507,fort william,56.8165,-5.1121,-1.91,93,17,1.21,GB,1701560565
508,rio grande,-32.035,-52.0986,22.06,95,100,1.31,BR,1701560515
509,gadzhiyevo,69.2551,33.3362,1.03,84,100,9.5,RU,1701560336
510,tabora,-5.0167,32.8,20.16,81,89,0.49,TZ,1701560566
511,taulaga,-11.0553,-171.0883,27.32,76,100,2.9,AS,1701560567
512,sao joao dos patos,-6.495,-43.7022,25.8,57,95,0.73,BR,1701560567
513,el porvenir,13.7617,-87.3458,27.63,66,7,2.92,HN,1701560568
514,bhachau,23.2833,70.35,22.75,59,67,5.79,IN,1701560568
515,khorixas,-20.3667,14.9667,24.03,60,100,3.88,NA,1701560569
516,ban su-ngai pa di,6.0724,101.8717,23.77,97,99,0.58,TH,1701560569
517,kindia,10.0569,-12.8658,22.77,85,80,0.98,GN,1701560570
518,cervantes,-39.05,-67.3833,18.21,13,0,7.38,AR,1701560570
519,lensk,60.7253,114.9278,-20.19,98,100,2.44,RU,1701560570
520,rabaul,-4.1967,152.1721,28.06,69,74,0.41,PG,1701560571
521,kievka,50.2619,71.5514,1.72,97,100,13.39,KZ,1701560571
522,gazojak,41.1875,61.4036,8.72,78,93,2.59,TM,1701560572
523,zastron,-30.3023,27.084,16.15,67,35,1.1,ZA,1701560572
524,nema,57.5067,50.5011,-13.43,96,90,2.92,RU,1701560573
525,carauari,-4.8828,-66.8958,24.48,95,100,0.64,BR,1701560573
526,bor,56.3567,44.0669,-7.04,100,85,0.89,RU,1701560574
527,clinton,42.587,-82.9199,5.12,86,100,3.09,US,1701560574
528,poronaysk,49.2167,143.1167,-8.61,78,42,2.89,RU,1701560575
529,antsiranana,-12.2787,49.2917,25.18,85,46,1.08,MG,1701560575
530,aldan,58.6031,125.3894,-22.45,99,100,0.21,RU,1701560576
531,sanming,26.2486,117.6186,13.19,89,93,0.85,CN,1701560576
532,tezu,27.9167,96.1667,16.88,63,42,1.54,IN,1701560577
533,colonia,50.9333,6.95,1.05,79,20,2.57,DE,1701560560
534,greymouth,-42.4667,171.2,15.89,99,100,4.48,NZ,1701560578
535,embi,48.8264,58.1442,3.75,72,99,7.48,KZ,1701560578
536,puerto deseado,-47.7503,-65.8938,6.29,75,98,5.2,AR,1701560579
537,fort st. john,56.2499,-120.8529,-9.06,86,75,2.57,CA,1701560516
538,kargil,34.5667,76.1,-4.44,50,100,0.64,IN,1701560579
539,fisterra,42.9049,-9.2629,9.3,78,76,7.4,ES,1701560580
540,callao,-12.0667,-77.15,20.16,77,40,6.17,PE,1701560580
541,turuntayevo,52.2,107.6167,-12.95,98,99,1.69,RU,1701560581
542,new norfolk,-42.7826,147.0587,15.51,70,100,1.27,AU,1701560520
543,pacho,5.1328,-74.1598,19.76,88,79,1.86,CO,1701560582
544,taltal,-25.4,-70.4833,18.22,76,21,2.53,CL,1701560582
545,chulym,55.0997,80.9572,-0.35,90,96,7.86,RU,1701560583
546,turaif,31.6725,38.6637,9.14,66,0,2.57,SA,1701560583
547,kununurra,-15.7667,128.7333,31.99,70,98,5.14,AU,1701560547
548,port augusta,-32.5,137.7667,25.4,32,4,1.87,AU,1701560584
549,port blair,11.6667,92.75,26.02,89,40,1.03,IN,1701560585
550,mega,4.05,38.3,15.97,38,42,2.89,ET,1701560585
551,nadym,65.5333,72.5167,-27.67,91,12,4.75,RU,1701560586
552,sebdou,34.637,-1.3314,8.61,79,59,2.29,DZ,1701560587
553,sovetskaya gavan',48.9723,140.2878,-12.16,87,2,4.09,RU,1701560587
554,bilozerka,46.6248,32.4425,12.06,92,100,7.92,UA,1701560588
555,yongning,24.68,118.69,17.22,78,75,8.85,CN,1701560588
556,puerto aysen,-45.4,-72.7,5.81,100,100,2.28,CL,1701560589
557,isiro,2.7739,27.616,19.09,99,62,0.29,CD,1701560589
558,kiunga,-6.1219,141.2906,26.0,88,100,1.32,PG,1701560590
559,huanggang,23.677,116.9996,16.94,73,76,2.04,CN,1701560590
560,levin,-40.6333,175.275,15.93,88,100,1.66,NZ,1701560591
561,rengali,21.6333,84.05,18.18,72,98,2.04,IN,1701560591
562,sitka,57.0531,-135.33,5.94,65,75,2.06,US,1701560591
